Grade,CourseNumber,ID,Bonus,FinalGrade
49,001,4520894,10,59
91,001,3972323,10,100
96,001,4310631,10,100
66,001,992035,10,76
70,001,3725211,10,80
91,001,1456562,10,100
72,001,4218483,10,82
68,001,7738523,10,78
88,001,30769423,10,98
47,001,5388018,10,57
93,001,8351543,10,100
86,001,772286,10,96
80,001,1564828,10,90
67,001,2429533,10,77
62,001,7554734,10,72
90,001,4636556,10,100
88,001,1411814,10,98
60,001,308416247,10,70
72,001,7644270,10,82
87,001,5225185,10,97
100,001,2522195,10,100
64,002,4520894,0,64
96,002,3972323,0,96
84,002,3755002,0,84
88,002,851588244,0,88
92,002,4310631,0,92
64,002,992035,0,64
72,002,5214270,0,72
64,002,4218483,0,64
72,002,7738523,0,72
92,002,5708981,0,92
76,002,30769423,0,76
72,002,5648105,0,72
80,002,3854706,0,80
68,002,5388018,0,68
92,002,772286,0,92
88,002,1564828,0,88
56,002,2522528,0,56
96,002,1411814,0,96
88,002,308416247,0,88
72,002,7644270,0,72
84,002,6485222,0,84
100,002,2522195,0,100
84,002,8239375,0,84
59,004,4520894,0,59
91,004,3972323,0,91
93,004,4310631,0,93
82,004,992035,0,82
80,004,3725211,0,80
88,004,1456562,0,88
88,004,4218483,0,88
67,004,7738523,0,67
77,004,30769423,0,77
74,004,9749999,0,74
92,004,8351543,0,92
94,004,772286,0,94
93,004,1564828,0,93
66,004,2429533,0,66
74,004,7554734,0,74
79,004,4636556,0,79
92,004,1411814,0,92
75,004,308416247,0,75
85,004,7644270,0,85
88,004,5225185,0,88
89,004,2522195,0,89
60,005,4520894,0,60
92,005,3972323,0,92
80,005,3755002,0,80
92,005,851588244,0,92
84,005,4310631,0,84
60,005,992035,0,60
84,005,3725211,0,84
76,005,5214270,0,76
68,005,7738523,0,68
88,005,5708981,0,88
92,005,30769423,0,92
64,005,5648105,0,64
84,005,3854706,0,84
80,005,8351543,0,80
96,005,772286,0,96
88,005,1564828,0,88
60,005,2429533,0,60
76,005,2522528,0,76
100,005,1411814,0,100
80,005,308416247,0,80
88,005,7644270,0,88
76,005,6485222,0,76
100,005,2522195,0,100
100,005,8239375,0,100
92,008,3972323,0,92
100,008,4310631,0,100
44,008,992035,0,44
76,008,3725211,0,76
68,008,4218483,0,68
76,008,7738523,0,76
76,008,30769423,0,76
44,008,9749999,0,44
76,008,5388018,0,76
84,008,8351543,0,84
80,008,772286,0,80
92,008,1564828,0,92
56,008,2429533,0,56
64,008,7554734,0,64
80,008,4636556,0,80
92,008,1411814,0,92
76,008,308416247,0,76
80,008,7644270,0,80
92,008,5225185,0,92
92,008,2522195,0,92
88,008,8239375,0,88
48,009,4520894,4,52
92,009,3972323,4,96
80,009,3755002,4,84
72,009,851588244,4,76
88,009,4310631,4,92
92,009,992035,4,96
72,009,5214270,4,76
44,009,4218483,4,48
60,009,7738523,4,64
92,009,5708981,4,96
52,009,5648105,4,56
76,009,3854706,4,80
80,009,8351543,4,84
80,009,772286,4,84
92,009,1564828,4,96
56,009,2522528,4,60
76,009,1411814,4,80
80,009,7644270,4,84
88,009,5225185,4,92
88,009,2522195,4,92
92,009,8239375,4,96
68,011,4520894,0,68
88,011,3972323,0,88
88,011,4310631,0,88
52,011,992035,0,52
96,011,3725211,0,96
64,011,4218483,0,64
56,011,7738523,0,56
64,011,5388018,0,64
80,011,8351543,0,80
80,011,772286,0,80
96,011,1564828,0,96
52,011,2429533,0,52
68,011,7554734,0,68
92,011,4636556,0,92
72,011,1411814,0,72
76,011,7644270,0,76
68,011,5225185,0,68
92,011,2522195,0,92
100,011,8239375,0,100
62,012,4520894,0,62
98,012,3972323,0,98
84,012,3755002,0,84
88,012,851588244,0,88
94,012,4310631,0,94
76,012,992035,0,76
84,012,5214270,0,84
84,012,4218483,0,84
84,012,7738523,0,84
90,012,5708981,0,90
38,012,5648105,0,76
84,012,3854706,0,84
88,012,772286,0,88
94,012,1564828,0,94
78,012,2522528,0,78
94,012,1411814,0,94
86,012,7644270,0,86
96,012,2522195,0,96
46,012,8239375,0,92
80,017,4520894,0,80
90,017,3972323,0,90
100,017,3755002,0,100
100,017,4310631,0,100
80,017,992035,0,80
70,017,3725211,0,70
75,017,5214270,0,75
80,017,1176336,0,80
85,017,7738523,0,85
95,017,5708981,0,95
90,017,3854706,0,90
90,017,1564828,0,90
75,017,2522528,0,75
85,017,4138994,0,85
90,017,1411814,0,90
80,017,7644270,0,80
90,017,6485222,0,90
85,017,2522195,0,85
45,019,4520894,0,45
80,019,3972323,0,80
80,019,3755002,0,80
90,019,4310631,0,90
60,019,992035,0,60
55,019,5214270,0,55
85,019,1176336,0,85
60,019,7738523,0,60
90,019,5708981,0,90
75,019,3854706,0,75
55,019,9749999,0,55
65,019,5388018,0,65
90,019,772286,0,90
80,019,1564828,0,80
65,019,2522528,0,65
65,019,4138994,0,65
80,019,1411814,0,80
70,019,7644270,0,70
65,019,6485222,0,65
90,019,2522195,0,90
80,019,8239375,0,80
70,021,4520894,0,70
100,021,3972323,0,100
85,021,4310631,0,85
55,021,992035,0,55
40,021,5214270,0,40
95,021,1176336,0,95
55,021,7738523,0,55
85,021,5708981,0,85
80,021,3854706,0,80
60,021,5388018,0,60
85,021,772286,0,85
70,021,1564828,0,70
45,021,2522528,0,45
85,021,4138994,0,85
90,021,1411814,0,90
75,021,7644270,0,75
90,021,6485222,0,90
100,021,2522195,0,100
90,023,3972323,0,90
75,023,3755002,0,75
75,023,4310631,0,75
55,023,992035,0,55
50,023,5214270,0,50
85,023,1176336,0,85
70,023,7738523,0,70
90,023,5708981,0,90
45,023,5648105,0,45
90,023,3854706,0,90
55,023,9749999,0,55
65,023,5648881,0,65
95,023,772286,0,95
90,023,1564828,0,90
65,023,2522528,0,65
85,023,4138994,0,85
75,023,1411814,0,75
75,023,308416247,0,75
75,023,7644270,0,75
95,023,5225185,0,95
85,023,6485222,0,85
100,023,2522195,0,100
90,023,8239375,0,90
86,024,3972323,0,86
86,024,4310631,0,86
44,024,992035,0,44
65,024,5214270,0,65
64,024,1176336,0,64
78,024,7738523,0,78
92,024,5708981,0,92
90,024,3854706,0,90
84,024,1564828,0,84
64,024,2522528,0,64
74,024,4138994,0,74
86,024,1411814,0,86
58,024,7644270,0,58
92,024,6485222,0,92
94,024,2522195,0,94
65,025,4520894,0,65
80,025,3972323,0,80
95,025,3755002,0,95
95,025,851588244,0,95
85,025,4310631,0,85
75,025,992035,0,75
60,025,5214270,0,60
80,025,7738523,0,80
90,025,5708981,0,90
65,025,3854706,0,65
55,025,5388018,0,55
75,025,772286,0,75
85,025,2522528,0,85
75,025,7554734,0,75
85,025,1411814,0,85
90,025,7644270,0,90
100,025,2522195,0,100
100,026,3972323,0,100
95,026,4310631,0,95
90,026,992035,0,90
95,026,3725211,0,95
100,026,1456562,0,100
95,026,5214270,0,95
95,026,7738523,0,95
75,026,2828899,0,75
95,026,5708981,0,95
95,026,3854706,0,95
100,026,5388018,0,100
90,026,5648881,0,90
100,026,772286,0,100
100,026,1564828,0,100
95,026,2458061,0,95
80,026,2522528,0,80
90,026,7554734,0,90
100,026,4636556,0,100
95,026,1411814,0,95
90,026,7644270,0,90
100,026,5225185,0,100
95,026,6485222,0,95
100,026,2522195,0,100
100,026,4120596,0,100
85,027,4310631,0,85
80,027,992035,0,80
75,027,5214270,0,75
75,027,1176336,0,75
55,027,7738523,0,55
90,027,5708981,0,90
65,027,30769423,0,65
75,027,3854706,0,75
45,027,5648881,0,45
95,027,772286,0,95
80,027,1564828,0,80
40,027,2522528,0,40
75,027,1411814,0,75
100,027,7644270,0,100
95,027,2522195,0,95
85,022,4520894,0,85
90,003,3972323,0,90
90,006,3972323,0,90
100,010,3972323,0,100
100,014,3972323,0,100
95,018,3972323,0,95
95,022,3972323,0,95
35,010,131854,0,35
75,013,1324561,0,75
85,015,1324561,0,85
75,016,1324561,0,75
80,018,1324561,0,80
100,020,1324561,0,100
100,022,1324561,0,100
85,028,1324561,0,85
80,007,1324561,0,80
65,007,6918522,0,65
80,006,3755002,0,80
75,010,3755002,0,75
60,003,5041200,0,60
75,006,5041200,0,75
60,010,5041200,0,60
95,014,5041200,0,95
91,016,5041200,0,91
90,018,5041200,0,90
100,020,5041200,0,100
85,022,5041200,0,85
100,028,5041200,0,100
95,007,5041200,0,95
35,010,2656533,0,35
75,006,851588244,0,75
85,018,851588244,0,85
100,022,851588244,0,100
95,003,4310631,0,95
100,006,4310631,0,100
80,010,4310631,0,80
90,013,4310631,0,90
105,014,4310631,0,100
75,015,4310631,0,75
91,016,4310631,0,91
85,018,4310631,0,85
100,020,4310631,0,100
85,022,4310631,0,85
100,028,4310631,0,100
95,007,4310631,0,95
85,018,5254534,0,85
100,022,5254534,0,100
60,013,992035,0,60
90,014,992035,0,90
70,018,992035,0,70
90,022,992035,0,90
75,028,992035,0,75
75,007,992035,0,75
90,006,0769464,0,90
65,010,0769464,0,65
70,013,596792,0,70
70,015,596792,0,70
80,018,596792,0,80
100,020,596792,0,100
75,022,596792,0,75
75,007,596792,0,75
85,003,6579465,0,85
75,006,6579465,0,75
60,010,6579465,0,60
90,013,6579465,0,90
95,014,6579465,0,95
80,015,6579465,0,80
75,016,6579465,0,75
80,018,6579465,0,80
100,020,6579465,0,100
75,022,6579465,0,75
75,028,6579465,0,75
75,003,5214270,0,75
85,006,5214270,0,85
45,010,5214270,0,45
80,013,5214270,0,80
105,014,5214270,0,100
70,015,5214270,0,70
66,016,5214270,0,66
70,018,5214270,0,70
90,022,5214270,0,90
95,028,5214270,0,95
65,007,5214270,0,65
60,003,313737,0,60
45,006,313737,0,45
75,007,313737,0,75
55,010,313737,0,55
80,013,313737,0,80
100,014,313737,0,100
75,015,313737,0,75
70,016,313737,0,70
80,018,313737,0,80
90,022,313737,0,90
80,028,313737,0,80
80,003,4218483,0,80
60,006,4218483,0,60
50,010,4218483,0,50
90,014,4218483,0,90
90,003,5708981,0,90
100,006,5708981,0,100
100,010,5708981,0,100
95,013,5708981,0,95
105,014,5708981,0,100
90,015,5708981,0,90
86,016,5708981,0,86
90,018,5708981,0,90
100,022,5708981,0,100
100,028,5708981,0,100
100,020,5708981,0,100
95,007,5708981,0,95
75,006,5648105,0,75
75,006,0586140037,0,75
75,028,1245628,0,75
85,007,1245628,0,85
95,007,8239375,0,95
90,006,3854706,0,90
95,010,3854706,0,95
45,003,9749999,0,45
40,010,9749999,0,40
95,014,9749999,0,95
85,006,8351543,0,85
70,010,8351543,0,70
85,007,8351543,0,85
80,006,5388018,0,80
60,010,5388018,0,60
65,013,5388018,0,65
80,007,5388018,0,80
85,006,772286,0,85
100,013,2466059,0,100
100,015,2466059,0,100
101,016,2466059,0,100
100,018,2466059,0,100
100,020,2466059,0,100
100,022,2466059,0,100
100,028,2466059,0,100
100,007,2466059,0,100
90,003,1564828,0,90
100,006,1564828,0,100
95,010,1564828,0,95
95,013,1564828,0,95
95,014,1564828,0,95
100,015,1564828,0,100
96,016,1564828,0,96
100,018,1564828,0,100
100,020,1564828,0,100
100,022,1564828,0,100
100,028,1564828,0,100
95,007,1564828,0,95
90,028,2429533,0,90
80,007,2429533,0,80
65,006,315228528,0,65
35,018,0276347,0,35
100,013,0896272,0,100
90,015,0896272,0,90
100,018,0896272,0,100
95,022,0896272,0,95
75,003,2522528,0,75
70,006,2522528,0,70
65,010,2522528,0,65
85,013,2522528,0,85
95,014,2522528,0,95
70,015,2522528,0,70
81,016,2522528,0,81
60,018,2522528,0,60
100,020,2522528,0,100
90,022,2522528,0,90
85,028,2522528,0,85
80,007,2522528,0,80
95,006,4183206,0,95
80,010,4183206,0,80
75,022,4288018,0,75
80,007,4288018,0,80
100,006,6604365,0,100
95,010,6604365,0,95
95,007,6604365,0,95
95,006,1411814,0,95
80,010,1411814,0,80
90,022,308416247,0,90
80,007,7644270,0,80
80,003,7644270,0,80
80,006,7644270,0,80
75,010,7644270,0,75
85,013,7644270,0,85
105,014,7644270,0,100
75,015,7644270,0,75
85,016,7644270,0,85
85,018,7644270,0,85
100,020,7644270,0,100
80,022,7644270,0,80
80,028,7644270,0,80
56,016,1245966,0,56
100,020,1245966,0,100
75,028,1245966,0,75
85,007,1245966,0,85
80,003,6485222,0,80
90,006,6485222,0,90
75,010,6485222,0,75
55,013,6485222,0,55
100,014,6485222,0,100
70,015,6485222,0,70
85,018,6485222,0,85
100,022,6485222,0,100
90,028,6485222,0,90
60,016,8071530,0,60
100,020,8071530,0,100
55,028,8071530,0,55
65,007,8071530,0,65
90,006,2522195,0,90
90,010,2522195,0,90
90,013,2522195,0,90
85,015,2522195,0,85
86,016,2522195,0,86
100,018,2522195,0,100
100,020,2522195,0,100
95,022,2522195,0,95
95,028,2522195,0,95
90,014,2522195,0,90
80,013,323042465,0,80
90,018,323042465,0,90
95,022,323042465,0,95
70,022,4476251,0,70
60,006,6889368,0,60
75,007,4476251,0,75
85,007,3466198,0,85
60,029,2522528,0,60
40,029,313737,0,40
80,029,4310631,0,80
70,029,5388018,0,70
65,029,1324561,0,65
100,029,2466059,0,100
65,029,7644270,0,65
65,029,1564828,0,65
75,029,5041200,0,75
50,029,596792,0,50
85,029,5708981,0,85
80,029,6604365,0,80
58,030,534894,0,58
98,030,313737,0,98
78,030,906297015,0,78
81,030,4310631,0,81
68,030,1324561,0,68
100,030,2466059,0,100
83,030,2522528,0,83
76,030,5214270,0,76
73,030,1245628,0,73
81,030,5041200,0,81
28,030,8071530,0,28
70,030,596792,0,70
81,030,5388018,0,81
60,030,992035,0,60
93,030,1564828,0,93
96,030,6604365,0,96
65,015,5041200,0,65
85,003,2522195,0,85
95,026,4138994,0,95
100,026,0769464,0,100
85,019,6604365,0,85